A,T,G,C,A,T,G,C,A
 , , , , ,T,G,C,A,T,G,C,A,T
 , , , , , , , , , ,G,T,A,C,G,T,A,C,G
 , , , , , , , , , , , , , , ,T,A,C,G,T,A,C,G,A
 , , , , , , , , , , , , , , , , , , , ,C,G,T,A,C,G,T,A,C
 , , , , , , , , , , , , , , , , , , , , , , , , ,A,C,A,C,A,C,A,C,A
 , , , , , , , , , , , , , , , , , , , , , , , , , , , , , ,C,G,T,C,G,T,C,G,T
 , , , , , , , , , , , , , , , , , , , , , , , , , , , , , , , , , , ,T,A,G,T,A,G,T,A,G
 , , , , , , , , , , , , , , , , , , , , , , , , , , , , , , , , , , , , , , , ,G,T,C,G,T,C,G,T,C
 , , , , , , , , , , , , , , , , , , , , , , , , , , , , , , , , , , , , , , , , , , , , ,A,G,T,C,A,G,T,C,A
 , , , , , , , , , , , , , , , , , , , , , , , , , , , , , , , , , , , , , , , , , , , , , , , , , ,G,C,T,A,G,C,T,A,G
 , , , , , , , , , , , , , , , , , , , , , , , , , , , , , , , , , , , , , , , , , , , , , , , , , , , , , , ,C,T,A,G,C,T,A,G,C
 , , , , , , , , , , , , , , , , , , , , , , , , , , , , , , , , , , , , , , , , , , , , , , , , , , , , , , , , , , , ,T,A,G,C,T,A,G,C,T
 , , , , , , , , , , , , , , , , , , , , , , , , , , , , , , , , , , , , , , , , , , , , , , , , , , , , , , , , , , , , , , , , ,A,G,C,T,A,G,C,T,A
 , , , , , , , , , , , , , , , , , , , , , , , , , , , , , , , , , , , , , , , , , , , , , , , , , , , , , , , , , , , , , , , , , , , , , ,G,T,G,T,G,T,G,T,G
 , , , , , , , , , , , , , , , , , , , , , , , , , , , , , , , , , , , , , , , , , , , , , , , , , , , , , , , , , , , , , , , , , , , , , , , , , , ,C,A,T,G,C,A,T,G,C
 , , , , , , , , , , , , , , , , , , , , , , , , , , , , , , , , , , , , , , , , , , , , , , , , , , , , , , , , , , , , , , , , , , , , , , , , , , , , , , , ,A,T,A,T,A,T,A,T,A
 , , , , , , , , , , , , , , , , , , , , , , , , , , , , , , , , , , , , , , , , , , , , , , , , , , , , , , , , , , , , , , , , , , , , , , , , , , , , , , , , , , , , ,C,A,T,C,A,T,C,A,T
 , , , , , , , , , , , , , , , , , , , , , , , , , , , , , , , , , , , , , , , , , , , , , , , , , , , , , , , , , , , , , , , , , , , , , , , , , , , , , , , , , , , , , , , , , ,C,G,A,C,G,A,C,G,A
 , , , , , , , , , , , , , , , , , , , , , , , , , , , , , , , , , , , , , , , , , , , , , , , , , , , , , , , , , , , , , , , , , , , , , , , , , , , , , , , , , , , , , , , , , , , , , , ,A,C,G,T,A,C,G,T,A
A,T,G,C,A,T,G,C,A,T,G,C,A,T,G,T,A,C,G,T,A,C,G,A,C,G,T,A,C,A,C,A,C,A,G,T,C,G,T,A,G,T,A,G,T,C,G,T,C,A,G,T,C,A,G,C,T,A,G,C,T,A,G,C,T,A,G,C,T,A,G,C,T,A,G,T,G,T,G,C,A,T,G,C,A,T,A,T,A,A,T,C,A,T,G,A,C,G,A,A,C,G,T,A
